Filename,True Label,Raw Predicted Label,Predicted Label,Forced To Others,Raw Top Confidence,Raw Margin,Entropy,Prob_dog_bark,Prob_others
dog_bark_test_001.wav,dog_bark,dog_bark,dog_bark,False,0.5890974402427673,0.1781947910785675,0.9769720417452579,0.58909744,0.41090265
dog_bark_test_002.wav,dog_bark,dog_bark,dog_bark,False,0.5909738540649414,0.1819477379322052,0.9759863231818376,0.59097385,0.40902612
dog_bark_test_003.wav,dog_bark,dog_bark,dog_bark,False,0.5006576180458069,0.0013152062892913818,0.9999987988692793,0.4993424,0.5006576
dog_bark_test_004.wav,dog_bark,dog_bark,dog_bark,False,0.5797098875045776,0.1594197154045105,0.981588744025019,0.5797099,0.42029017
dog_bark_test_005.wav,dog_bark,dog_bark,dog_bark,False,0.6199749112129211,0.23994973301887512,0.9580597975604782,0.6199749,0.38002518
dog_bark_test_006.wav,dog_bark,dog_bark,dog_bark,False,0.5085700750350952,0.017140090465545654,0.9997881201219724,0.49142998,0.5085701
dog_bark_test_007.wav,dog_bark,dog_bark,dog_bark,False,0.7354416847229004,0.47088342905044556,0.8335472820408695,0.7354417,0.26455826
dog_bark_test_008.wav,dog_bark,dog_bark,dog_bark,False,0.5819550156593323,0.16390997171401978,0.9805322546007689,0.581955,0.41804504
dog_bark_test_009.wav,dog_bark,dog_bark,dog_bark,False,0.5376871824264526,0.07537433505058289,0.9958978725594556,0.5376872,0.46231285
dog_bark_test_010.wav,dog_bark,dog_bark,dog_bark,False,0.682988166809082,0.36597633361816406,0.901102325273757,0.68298817,0.31701183
dog_bark_test_011.wav,dog_bark,others,others,False,0.793057918548584,0.5861158668994904,0.7355967990164181,0.20694205,0.7930579
dog_bark_test_012.wav,dog_bark,dog_bark,dog_bark,False,0.6709811091423035,0.3419622480869293,0.9139207941818401,0.6709811,0.32901886
dog_bark_test_013.wav,dog_bark,dog_bark,dog_bark,False,0.6795410513877869,0.3590821921825409,0.9048798382086332,0.67954105,0.32045886
dog_bark_test_014.wav,dog_bark,dog_bark,dog_bark,False,0.6872089505195618,0.37441787123680115,0.8963690187567107,0.68720895,0.31279108
dog_bark_test_015.wav,dog_bark,dog_bark,dog_bark,False,0.6091129183769226,0.21822580695152283,0.9653696621614256,0.6091129,0.3908871
dog_bark_test_016.wav,dog_bark,dog_bark,dog_bark,False,0.7961807250976562,0.5923614203929901,0.7295012179218875,0.7961807,0.2038193
dog_bark_test_017.wav,dog_bark,dog_bark,dog_bark,False,0.6322962045669556,0.26459237933158875,0.9488927783041888,0.6322962,0.36770383
dog_bark_test_018.wav,dog_bark,dog_bark,dog_bark,False,0.8446077704429626,0.6892154663801193,0.6231715681647492,0.8446078,0.1553923
dog_bark_test_019.wav,dog_bark,dog_bark,dog_bark,False,0.6179541945457458,0.23590832948684692,0.9594740968898485,0.6179542,0.38204587
dog_bark_test_020.wav,dog_bark,dog_bark,dog_bark,False,0.6689479947090149,0.33789604902267456,0.9159976566736594,0.668948,0.33105195
dog_bark_test_021.wav,dog_bark,dog_bark,dog_bark,False,0.5161648988723755,0.03232976794242859,0.9992458588238019,0.48383513,0.5161649
dog_bark_test_022.wav,dog_bark,dog_bark,dog_bark,False,0.5406376123428345,0.08127522468566895,0.995229805952179,0.4593624,0.5406376
dog_bark_test_023.wav,dog_bark,dog_bark,dog_bark,False,0.5261470675468445,0.052294135093688965,0.9980265018291846,0.52614707,0.47385293
dog_bark_test_024.wav,dog_bark,dog_bark,dog_bark,False,0.5535641312599182,0.10712838172912598,0.9917056234620238,0.55356413,0.44643575
dog_bark_test_025.wav,dog_bark,dog_bark,dog_bark,False,0.7826974987983704,0.5653950124979019,0.7552112483646705,0.7826975,0.21730249
dog_bark_test_026.wav,dog_bark,dog_bark,dog_bark,False,0.762408435344696,0.5248168408870697,0.7910121888641779,0.76240844,0.2375916
dog_bark_test_027.wav,dog_bark,dog_bark,dog_bark,False,0.7883256673812866,0.5766513347625732,0.7446710336325669,0.78832567,0.21167433
dog_bark_test_028.wav,dog_bark,dog_bark,dog_bark,False,0.6212949752807617,0.24258995056152344,0.957122320130625,0.621295,0.37870502
dog_bark_test_029.wav,dog_bark,dog_bark,dog_bark,False,0.6935760378837585,0.3871520757675171,0.8890023138896532,0.69357604,0.30642396
dog_bark_test_030.wav,dog_bark,others,others,False,0.8395269513130188,0.6790538728237152,0.6354401225466985,0.16047308,0.83952695
dog_bark_test_031.wav,dog_bark,dog_bark,dog_bark,False,0.7154669761657715,0.43093401193618774,0.8615541407859253,0.715467,0.28453296
dog_bark_test_032.wav,dog_bark,dog_bark,dog_bark,False,0.6162443161010742,0.23248866200447083,0.9606514041263299,0.6162443,0.38375565
dog_bark_test_033.wav,dog_bark,dog_bark,dog_bark,False,0.6417288780212402,0.28345778584480286,0.9412386904275395,0.6417289,0.3582711
dog_bark_test_034.wav,dog_bark,dog_bark,dog_bark,False,0.6120429635047913,0.22408592700958252,0.9634684799474628,0.61204296,0.38795704
dog_bark_test_035.wav,dog_bark,dog_bark,dog_bark,False,0.737925112247467,0.475850373506546,0.8298611778849269,0.7379251,0.26207474
dog_bark_test_036.wav,dog_bark,others,others,False,0.5514244437217712,0.10284885764122009,0.992356061847587,0.4485756,0.55142444
dog_bark_test_037.wav,dog_bark,dog_bark,dog_bark,False,0.6263573169708252,0.2527146339416504,0.9534280467987665,0.6263573,0.37364268
dog_bark_test_038.wav,dog_bark,dog_bark,dog_bark,False,0.6928169131278992,0.3856337070465088,0.889895075830282,0.6928169,0.3071832
dog_bark_test_039.wav,dog_bark,dog_bark,dog_bark,False,0.5300363898277283,0.06007277965545654,0.9973952395091927,0.4699636,0.5300364
dog_bark_test_040.wav,dog_bark,others,others,False,0.5563941597938538,0.11278828978538513,0.9908040044148755,0.44360587,0.55639416
dog_bark_test_041.wav,dog_bark,dog_bark,dog_bark,False,0.5635448098182678,0.12708967924118042,0.9883173932573757,0.5635448,0.43645513
dog_bark_test_042.wav,dog_bark,dog_bark,dog_bark,False,0.6563221216201782,0.3126443028450012,0.9282947601756519,0.6563221,0.34367782
dog_bark_test_043.wav,dog_bark,dog_bark,dog_bark,False,0.6342993378639221,0.2685985863208771,0.947313719595292,0.63429934,0.36570075
dog_bark_test_044.wav,dog_bark,dog_bark,dog_bark,False,0.7956711053848267,0.5913422554731369,0.7305018129846073,0.7956711,0.20432885
dog_bark_test_045.wav,dog_bark,dog_bark,dog_bark,False,0.6471827030181885,0.29436537623405457,0.9365590424975625,0.6471827,0.35281733
dog_bark_test_046.wav,dog_bark,dog_bark,dog_bark,False,0.699833869934082,0.3996676802635193,0.8814938953182847,0.69983387,0.3001662
dog_bark_test_047.wav,dog_bark,dog_bark,dog_bark,False,0.7087859511375427,0.41757190227508545,0.8702843241090231,0.70878595,0.29121405
dog_bark_test_048.wav,dog_bark,dog_bark,dog_bark,False,0.5339103937149048,0.06782087683677673,0.9966795337076271,0.5339104,0.46608952
dog_bark_test_049.wav,dog_bark,dog_bark,dog_bark,False,0.6998873949050903,0.39977484941482544,0.8814284559196314,0.6998874,0.30011255
dog_bark_test_050.wav,dog_bark,dog_bark,dog_bark,False,0.7226424813270569,0.44528505206108093,0.8518251682179416,0.7226425,0.27735743
dog_bark_test_051.wav,dog_bark,dog_bark,dog_bark,False,0.6865636706352234,0.3731273114681244,0.8971003749795049,0.6865637,0.31343636
dog_bark_test_052.wav,dog_bark,dog_bark,dog_bark,False,0.5164897441864014,0.032979488372802734,0.9992153319032738,0.51648974,0.48351026
dog_bark_test_053.wav,dog_bark,dog_bark,dog_bark,False,0.6163490414619446,0.23269811272621155,0.9605798593435709,0.61634904,0.38365093
dog_bark_test_054.wav,dog_bark,dog_bark,dog_bark,False,0.7127293944358826,0.4254588186740875,0.8651693880897123,0.7127294,0.28727058
dog_bark_test_055.wav,dog_bark,dog_bark,dog_bark,False,0.6181841492652893,0.23636826872825623,0.9593144109985224,0.61818415,0.38181588
dog_bark_test_056.wav,dog_bark,dog_bark,dog_bark,False,0.7088916897773743,0.4177834093570709,0.8701486297974924,0.7088917,0.29110828
dog_bark_test_057.wav,dog_bark,dog_bark,dog_bark,False,0.5276992917060852,0.05539867281913757,0.9977851241786987,0.47230062,0.5276993
dog_bark_test_058.wav,dog_bark,dog_bark,dog_bark,False,0.6143642067909241,0.22872838377952576,0.9619252796212707,0.6143642,0.38563582
dog_bark_test_059.wav,dog_bark,dog_bark,dog_bark,False,0.6942929029464722,0.3885858654975891,0.888155729290781,0.6942929,0.30570704
dog_bark_test_060.wav,dog_bark,dog_bark,dog_bark,False,0.5571256875991821,0.11425143480300903,0.990563314694993,0.5571257,0.44287425
dog_bark_test_061.wav,dog_bark,dog_bark,dog_bark,False,0.5841284990310669,0.1682569980621338,0.9794809246560445,0.5841285,0.4158715
dog_bark_test_062.wav,dog_bark,dog_bark,dog_bark,False,0.7175302505493164,0.4350605309009552,0.8587941632048789,0.71753025,0.28246972
dog_bark_test_063.wav,dog_bark,dog_bark,dog_bark,False,0.725540280342102,0.4510805010795593,0.8477915731159307,0.7255403,0.27445978
dog_bark_test_064.wav,dog_bark,dog_bark,dog_bark,False,0.5434931516647339,0.08698636293411255,0.9945349960426934,0.54349315,0.4565068
dog_bark_test_065.wav,dog_bark,others,others,False,0.7803006172180176,0.5606012940406799,0.7596181318103791,0.21969932,0.7803006
dog_bark_test_066.wav,dog_bark,others,others,False,0.7672864198684692,0.5345727801322937,0.7827117901855861,0.23271364,0.7672864
dog_bark_test_067.wav,dog_bark,dog_bark,dog_bark,False,0.7172578573226929,0.43451571464538574,0.8591603142685659,0.71725786,0.28274214
dog_bark_test_068.wav,dog_bark,dog_bark,dog_bark,False,0.7175909280776978,0.43518176674842834,0.85871264342837,0.7175909,0.28240916
dog_bark_test_069.wav,dog_bark,others,others,False,0.5609328150749207,0.12186560034751892,0.9892603741320564,0.4390672,0.5609328
dog_bark_test_070.wav,dog_bark,dog_bark,dog_bark,False,0.5157122015953064,0.03142434358596802,0.9992874786253108,0.48428786,0.5157122
dog_bark_test_071.wav,dog_bark,dog_bark,dog_bark,False,0.7013427019119263,0.40268534421920776,0.8796434479863263,0.7013427,0.29865736
dog_bark_test_072.wav,dog_bark,dog_bark,dog_bark,False,0.6676827669143677,0.33536553382873535,0.9172763476828244,0.66768277,0.33231723
dog_bark_test_073.wav,dog_bark,dog_bark,dog_bark,False,0.5212725400924683,0.04254508018493652,0.9986939664971832,0.52127254,0.47872746
dog_bark_test_074.wav,dog_bark,dog_bark,dog_bark,False,0.6486514210700989,0.297302782535553,0.9352666788676539,0.6486514,0.35134864
dog_bark_test_075.wav,dog_bark,dog_bark,dog_bark,False,0.7703038454055786,0.5406076908111572,0.7774812818248956,0.77030385,0.22969615
dog_bark_test_076.wav,dog_bark,dog_bark,dog_bark,False,0.5336359143257141,0.067271888256073,0.9967331063033709,0.5336359,0.46636403
dog_bark_test_077.wav,dog_bark,dog_bark,dog_bark,False,0.5163106918334961,0.0326213538646698,0.9992322721943838,0.48368934,0.5163107
dog_bark_test_078.wav,dog_bark,dog_bark,dog_bark,False,0.6626365780830383,0.32527315616607666,0.9222733036036433,0.6626366,0.33736342
dog_bark_test_079.wav,dog_bark,dog_bark,dog_bark,False,0.6900103092193604,0.38002070784568787,0.8931616283094448,0.6900103,0.3099896
dog_bark_test_080.wav,dog_bark,dog_bark,dog_bark,False,0.7765157222747803,0.5530314296483994,0.7664788637185982,0.7765157,0.2234843
dog_bark_test_081.wav,dog_bark,dog_bark,dog_bark,False,0.7055371999740601,0.41107437014579773,0.8744165512613038,0.7055372,0.29446283
dog_bark_test_082.wav,dog_bark,dog_bark,dog_bark,False,0.657666802406311,0.31533366441726685,0.9270339553621767,0.6576668,0.34233314
dog_bark_test_083.wav,dog_bark,dog_bark,dog_bark,False,0.6334169507026672,0.26683396100997925,0.9480123131230966,0.63341695,0.366583
dog_bark_test_084.wav,dog_bark,dog_bark,dog_bark,False,0.6334773302078247,0.2669546604156494,0.9479645879374823,0.63347733,0.36652267
dog_bark_test_085.wav,dog_bark,dog_bark,dog_bark,False,0.7633690237998962,0.5267380326986313,0.7893926282410029,0.763369,0.23663099
dog_bark_test_086.wav,dog_bark,dog_bark,dog_bark,False,0.5491518974304199,0.09830379486083984,0.993017851088107,0.5491519,0.4508481
dog_bark_test_087.wav,dog_bark,dog_bark,dog_bark,False,0.645973265171051,0.29194650053977966,0.9376129521820498,0.64597327,0.35402676
dog_bark_test_088.wav,dog_bark,dog_bark,dog_bark,False,0.71375972032547,0.42751938104629517,0.8638150247141677,0.7137597,0.28624034
dog_bark_test_089.wav,dog_bark,dog_bark,dog_bark,False,0.5345938205718994,0.0691877007484436,0.9965442693527236,0.46540612,0.5345938
dog_bark_test_090.wav,dog_bark,dog_bark,dog_bark,False,0.7464619874954224,0.4929240345954895,0.8168377056570153,0.746462,0.25353795
dog_bark_test_091.wav,dog_bark,dog_bark,dog_bark,False,0.7140182256698608,0.4280364513397217,0.8634739831175068,0.7140182,0.28598177
dog_bark_test_092.wav,dog_bark,others,others,False,0.5750381946563721,0.15007638931274414,0.9836915758971186,0.4249618,0.5750382
dog_bark_test_093.wav,dog_bark,dog_bark,dog_bark,False,0.5808116793632507,0.16162335872650146,0.9810739999509867,0.5808117,0.41918832
dog_bark_test_094.wav,dog_bark,dog_bark,dog_bark,False,0.6730389595031738,0.34607791900634766,0.9117913049988569,0.67303896,0.32696104
dog_bark_test_095.wav,dog_bark,dog_bark,dog_bark,False,0.6559366583824158,0.3118734061717987,0.9286540319333043,0.65593666,0.34406325
dog_bark_test_096.wav,dog_bark,dog_bark,dog_bark,False,0.687115490436554,0.37423086166381836,0.8964752180436185,0.6871155,0.31288463
dog_bark_test_097.wav,dog_bark,dog_bark,dog_bark,False,0.7260503768920898,0.4521007239818573,0.8470751793837616,0.7260504,0.27394965
dog_bark_test_098.wav,dog_bark,dog_bark,dog_bark,False,0.5309359431266785,0.06187179684638977,0.9972367574964226,0.53093594,0.46906415
dog_bark_test_099.wav,dog_bark,dog_bark,dog_bark,False,0.7720541954040527,0.5441083163022995,0.7744131973248285,0.7720542,0.22794588
dog_bark_test_100.wav,dog_bark,dog_bark,dog_bark,False,0.5879722237586975,0.17594438791275024,0.9775529991398725,0.5879722,0.41202784
dog_bark_test_101.wav,dog_bark,dog_bark,dog_bark,False,0.568382978439331,0.13676607608795166,0.9864648821336068,0.568383,0.4316169
dog_bark_test_102.wav,dog_bark,dog_bark,dog_bark,False,0.6936166286468506,0.387233167886734,0.888954416721388,0.6936166,0.30638346
dog_bark_test_103.wav,dog_bark,dog_bark,dog_bark,False,0.8353826999664307,0.6707653701305389,0.6452421017499734,0.8353827,0.16461733
dog_bark_test_104.wav,dog_bark,dog_bark,dog_bark,False,0.7487879395484924,0.4975758492946625,0.8131935652678832,0.74878794,0.2512121
dog_bark_test_105.wav,dog_bark,dog_bark,dog_bark,False,0.5399779081344604,0.07995578646659851,0.995383472450725,0.46002212,0.5399779
dog_bark_test_106.wav,dog_bark,dog_bark,dog_bark,False,0.7978676557540894,0.5957353115081787,0.7261723217317869,0.79786766,0.20213234
dog_bark_test_107.wav,dog_bark,others,others,False,0.6472403407096863,0.29448068141937256,0.9365086515808597,0.35275966,0.64724034
dog_bark_test_108.wav,dog_bark,dog_bark,dog_bark,False,0.5419598817825317,0.08391982316970825,0.9949139598138695,0.45804006,0.5419599
dog_bark_test_109.wav,dog_bark,dog_bark,dog_bark,False,0.7517886161804199,0.503577247262001,0.8084308497175394,0.7517886,0.24821137
dog_bark_test_110.wav,dog_bark,dog_bark,dog_bark,False,0.5495085120201111,0.09901702404022217,0.9929160373587963,0.5495085,0.4504915
dog_bark_test_111.wav,dog_bark,dog_bark,dog_bark,False,0.6062967777252197,0.21259358525276184,0.9671477907886962,0.6062968,0.3937032
dog_bark_test_112.wav,dog_bark,others,others,False,0.8217962980270386,0.6435925364494324,0.6761316906931288,0.17820376,0.8217963
dog_bark_test_113.wav,dog_bark,dog_bark,dog_bark,False,0.630974292755127,0.26194870471954346,0.9499210625736976,0.6309743,0.3690256
dog_bark_test_114.wav,dog_bark,dog_bark,dog_bark,False,0.7443585395812988,0.48871713876724243,0.8200977227954452,0.74435854,0.2556414
dog_bark_test_115.wav,dog_bark,dog_bark,dog_bark,False,0.609494149684906,0.2189883589744568,0.9651251888232242,0.60949415,0.3905058
dog_bark_test_116.wav,dog_bark,dog_bark,dog_bark,False,0.6692728400230408,0.3385457694530487,0.9156676219666536,0.66927284,0.33072707
dog_bark_test_117.wav,dog_bark,dog_bark,dog_bark,False,0.5092421770095825,0.018484294414520264,0.9997534656178235,0.49075788,0.5092422
dog_bark_test_118.wav,dog_bark,dog_bark,dog_bark,False,0.6926953792572021,0.3853907585144043,0.8900375634565219,0.6926954,0.30730462
dog_bark_test_119.wav,dog_bark,dog_bark,dog_bark,False,0.616600513458252,0.2332010567188263,0.9604076187187319,0.6166005,0.38339946
dog_bark_test_120.wav,dog_bark,dog_bark,dog_bark,False,0.5472371578216553,0.09447431564331055,0.993552029201687,0.45276284,0.54723716
dog_bark_test_121.wav,dog_bark,dog_bark,dog_bark,False,0.5140531063079834,0.02810618281364441,0.999430052242876,0.48594692,0.5140531
dog_bark_test_122.wav,dog_bark,dog_bark,dog_bark,False,0.7526042461395264,0.5052084028720856,0.8071243835102602,0.75260425,0.24739584
dog_bark_test_123.wav,dog_bark,dog_bark,dog_bark,False,0.5443831086158752,0.08876621723175049,0.9943086668741579,0.4556169,0.5443831
dog_bark_test_124.wav,dog_bark,dog_bark,dog_bark,False,0.7657321095466614,0.5314642637968063,0.7853772632999834,0.7657321,0.23426785
dog_bark_test_125.wav,dog_bark,others,others,False,0.8200784921646118,0.6401569843292236,0.6799052910226979,0.17992151,0.8200785
dog_bark_test_126.wav,dog_bark,dog_bark,dog_bark,False,0.5166679620742798,0.03333589434623718,0.9991982196295129,0.51666796,0.48333207
dog_bark_test_127.wav,dog_bark,dog_bark,dog_bark,False,0.7788372039794922,0.5576744079589844,0.7622850667773087,0.7788372,0.2211628
dog_bark_test_128.wav,dog_bark,dog_bark,dog_bark,False,0.7811628580093384,0.5623256862163544,0.7580384711622041,0.78116286,0.21883717
dog_bark_test_129.wav,dog_bark,others,others,False,0.6889121532440186,0.37782424688339233,0.8944251848453338,0.3110879,0.68891215
dog_bark_test_130.wav,dog_bark,others,others,False,0.558101236820221,0.1162024438381195,0.9902375795542588,0.4418988,0.55810124
dog_bark_test_131.wav,dog_bark,dog_bark,dog_bark,False,0.7782390117645264,0.5564780086278915,0.7633700193302767,0.778239,0.221761
dog_bark_test_132.wav,dog_bark,dog_bark,dog_bark,False,0.7032208442687988,0.40644168853759766,0.8773180705640103,0.70322084,0.29677916
dog_bark_test_133.wav,dog_bark,dog_bark,dog_bark,False,0.6981086730957031,0.3962172865867615,0.8835906218062787,0.6981087,0.3018914
dog_bark_test_134.wav,dog_bark,dog_bark,dog_bark,False,0.510749340057373,0.021498680114746094,0.9996665283878123,0.51074934,0.48925066
dog_bark_test_135.wav,dog_bark,others,others,False,0.5618665218353271,0.1237330436706543,0.9889279316679386,0.43813348,0.5618665
dog_bark_test_136.wav,dog_bark,dog_bark,dog_bark,False,0.8390807509422302,0.6781615018844604,0.6365041792075866,0.83908075,0.16091925
dog_bark_test_137.wav,dog_bark,dog_bark,dog_bark,False,0.6854121685028076,0.3708243668079376,0.8983985000282173,0.68541217,0.3145878
dog_bark_test_138.wav,dog_bark,others,others,False,0.5908828377723694,0.181765615940094,0.9760345643154047,0.40911722,0.59088284
dog_bark_test_139.wav,dog_bark,dog_bark,dog_bark,False,0.7328687906265259,0.46573761105537415,0.8373179156697111,0.7328688,0.26713118
dog_bark_test_140.wav,dog_bark,dog_bark,dog_bark,False,0.7007929086685181,0.40158581733703613,0.8803195117868681,0.7007929,0.2992071
dog_bark_test_141.wav,dog_bark,dog_bark,dog_bark,False,0.8034743666648865,0.6069487482309341,0.7149246563653593,0.80347437,0.19652562
dog_bark_test_142.wav,dog_bark,dog_bark,dog_bark,False,0.6314694881439209,0.2629389762878418,0.9495370253143209,0.6314695,0.3685305
dog_bark_test_143.wav,dog_bark,others,others,False,0.5861740112304688,0.17234796285629272,0.9784657970593268,0.41382605,0.586174
dog_bark_test_144.wav,dog_bark,others,others,False,0.8427836298942566,0.6855673789978027,0.6276082906003825,0.15721625,0.84278363
dog_bark_test_145.wav,dog_bark,dog_bark,dog_bark,False,0.5792321562767029,0.158464252948761,0.9818097417313778,0.57923216,0.4207679
dog_bark_test_146.wav,dog_bark,dog_bark,dog_bark,False,0.7607879042625427,0.5215757936239243,0.7937275369473253,0.7607879,0.23921211
dog_bark_test_147.wav,dog_bark,dog_bark,dog_bark,False,0.8334664106369019,0.6669328063726425,0.6497133926984301,0.8334664,0.1665336
dog_bark_test_148.wav,dog_bark,dog_bark,dog_bark,False,0.6141268610954285,0.22825372219085693,0.9620847075386205,0.61412686,0.38587314
dog_bark_test_149.wav,dog_bark,dog_bark,dog_bark,False,0.8160349130630493,0.6320697963237762,0.688674772381518,0.8160349,0.18396512
dog_bark_test_150.wav,dog_bark,dog_bark,dog_bark,False,0.7720696926116943,0.5441392958164215,0.7743859380746667,0.7720697,0.2279304
dog_bark_test_151.wav,dog_bark,dog_bark,dog_bark,False,0.6560007333755493,0.31200143694877625,0.9285943539534549,0.65600073,0.3439993
dog_bark_test_152.wav,dog_bark,dog_bark,dog_bark,False,0.5789159536361694,0.15783190727233887,0.9819552390540077,0.57891595,0.42108405
dog_bark_test_153.wav,dog_bark,dog_bark,dog_bark,False,0.5440725088119507,0.08814501762390137,0.9943882088501819,0.5440725,0.4559275
dog_bark_test_154.wav,dog_bark,dog_bark,dog_bark,False,0.549116313457489,0.09823259711265564,0.9930279980645079,0.5491163,0.45088372
dog_bark_test_155.wav,dog_bark,dog_bark,dog_bark,False,0.735521674156189,0.4710434377193451,0.8334293019423775,0.7355217,0.26447824
dog_bark_test_156.wav,dog_bark,dog_bark,dog_bark,False,0.5471475124359131,0.09429502487182617,0.9935765367294349,0.5471475,0.4528525
dog_bark_test_157.wav,dog_bark,dog_bark,dog_bark,False,0.7708487510681152,0.5416975021362305,0.7765288419044173,0.77084875,0.22915125
dog_bark_test_158.wav,dog_bark,dog_bark,dog_bark,False,0.569599986076355,0.13919994235038757,0.9859772253270854,0.5696,0.43040004
dog_bark_test_159.wav,dog_bark,dog_bark,dog_bark,False,0.6959457397460938,0.3918914794921875,0.8861904835393717,0.69594574,0.30405426
dog_bark_test_160.wav,dog_bark,others,others,False,0.5747155547142029,0.14943113923072815,0.9838320857228736,0.42528442,0.57471555
dog_bark_test_161.wav,dog_bark,others,others,False,0.5896123051643372,0.17922458052635193,0.976703576827261,0.41038772,0.5896123
dog_bark_test_162.wav,dog_bark,dog_bark,dog_bark,False,0.7870050668716431,0.5740101188421249,0.7471686516797221,0.78700507,0.21299495
dog_bark_test_163.wav,dog_bark,dog_bark,dog_bark,False,0.7629852294921875,0.5259704887866974,0.7900405728781285,0.7629852,0.23701474
dog_bark_test_164.wav,dog_bark,others,others,False,0.7414898872375488,0.48297983407974243,0.8244897297418542,0.25851005,0.7414899
dog_bark_test_165.wav,dog_bark,dog_bark,dog_bark,False,0.6540148258209229,0.3080296516418457,0.9304313006473206,0.6540148,0.34598517
dog_bark_test_166.wav,dog_bark,dog_bark,dog_bark,False,0.8084585666656494,0.6169171929359436,0.7046848093329876,0.80845857,0.19154137
dog_bark_test_167.wav,dog_bark,dog_bark,dog_bark,False,0.527855396270752,0.055710822343826294,0.9977600147116727,0.47214457,0.5278554
dog_bark_test_168.wav,dog_bark,others,others,False,0.8529906272888184,0.7059812545776367,0.6023053860878544,0.14700937,0.8529906
dog_bark_test_169.wav,dog_bark,dog_bark,dog_bark,False,0.8098530173301697,0.6197060644626617,0.7017788184813588,0.809853,0.19014695
dog_bark_test_170.wav,dog_bark,dog_bark,dog_bark,False,0.8116934299468994,0.6233868896961212,0.6979154002123766,0.81169343,0.18830654
dog_bark_test_171.wav,dog_bark,others,others,False,0.7315959334373474,0.4631918966770172,0.8391652673139539,0.26840404,0.73159593
dog_bark_test_172.wav,dog_bark,others,others,False,0.6067756414413452,0.21355128288269043,0.9668488849414967,0.39322436,0.60677564
dog_bark_test_173.wav,dog_bark,dog_bark,dog_bark,False,0.5366798639297485,0.07335972785949707,0.9961144847082174,0.53667986,0.46332014
dog_bark_test_174.wav,dog_bark,dog_bark,dog_bark,False,0.7539588809013367,0.5079177767038345,0.8049429555667162,0.7539589,0.2460411
dog_bark_test_175.wav,dog_bark,dog_bark,dog_bark,False,0.5463465452194214,0.092693030834198,0.993793234869522,0.4536535,0.54634655
dog_bark_test_176.wav,dog_bark,dog_bark,dog_bark,False,0.7774693369865417,0.5549386143684387,0.7647616169497331,0.77746934,0.22253072
dog_bark_test_177.wav,dog_bark,dog_bark,dog_bark,False,0.6867473125457764,0.37349462509155273,0.8968926199372625,0.6867473,0.3132527
dog_bark_test_178.wav,dog_bark,others,others,False,0.8487592935562134,0.697518602013588,0.6129364936509389,0.15124069,0.8487593
dog_bark_test_179.wav,dog_bark,dog_bark,dog_bark,False,0.5086070895195007,0.017214149236679077,0.9997862283128128,0.5086071,0.49139294
dog_bark_test_180.wav,dog_bark,dog_bark,dog_bark,False,0.5320457816123962,0.06409162282943726,0.9970348498643097,0.46795416,0.5320458
dog_bark_test_181.wav,dog_bark,others,others,False,0.6401440501213074,0.2802881598472595,0.9425634727871357,0.3598559,0.64014405
dog_bark_test_182.wav,dog_bark,others,others,False,0.7281736135482788,0.45634725689888,0.8440731362216259,0.27182636,0.7281736
dog_bark_test_183.wav,dog_bark,dog_bark,dog_bark,False,0.8079050779342651,0.615810215473175,0.7058333094754495,0.8079051,0.19209486
dog_bark_test_184.wav,dog_bark,dog_bark,dog_bark,False,0.5634438991546631,0.12688785791397095,0.9883545415099619,0.5634439,0.43655604
dog_bark_test_185.wav,dog_bark,dog_bark,dog_bark,False,0.5830966234207153,0.1661931872367859,0.9799834579618656,0.5830966,0.41690344
dog_bark_test_186.wav,dog_bark,others,others,False,0.5912989377975464,0.18259787559509277,0.9758133946263952,0.40870106,0.59129894
dog_bark_test_187.wav,dog_bark,others,others,False,0.5687517523765564,0.1375034749507904,0.9863180949410955,0.43124828,0.56875175
dog_bark_test_188.wav,dog_bark,dog_bark,dog_bark,False,0.5361109972000122,0.07222193479537964,0.9962340986418924,0.46388906,0.536111
dog_bark_test_189.wav,dog_bark,dog_bark,dog_bark,False,0.5152700543403625,0.030540108680725098,0.9993270346350092,0.51527005,0.48472995
dog_bark_test_190.wav,dog_bark,others,others,False,0.826798677444458,0.65359728038311,0.66497599304925,0.1732014,0.8267987
dog_bark_test_191.wav,dog_bark,others,others,False,0.6744943261146545,0.34898868203163147,0.9102684846167921,0.32550564,0.6744943
dog_bark_test_192.wav,dog_bark,dog_bark,dog_bark,False,0.6543065905570984,0.308613121509552,0.9301630077119747,0.6543066,0.34569347
dog_bark_test_193.wav,dog_bark,others,others,False,0.5861654281616211,0.1723308563232422,0.9784701826169238,0.41383457,0.5861654
dog_bark_test_194.wav,dog_bark,others,others,False,0.5678414106369019,0.1356828212738037,0.9866790865252565,0.4321586,0.5678414
dog_bark_test_195.wav,dog_bark,dog_bark,dog_bark,False,0.7650378942489624,0.5300757884979248,0.7865616218251501,0.7650379,0.2349621
dog_bark_test_196.wav,dog_bark,dog_bark,dog_bark,False,0.5367333889007568,0.07346677780151367,0.9961030478619349,0.4632666,0.5367334
dog_bark_test_197.wav,dog_bark,dog_bark,dog_bark,False,0.7581177949905396,0.5162356495857239,0.798156348181019,0.7581178,0.24188215
dog_bark_test_198.wav,dog_bark,others,others,False,0.5571893453598022,0.11437872052192688,0.9905423328115878,0.44281062,0.55718935
dog_bark_test_199.wav,dog_bark,dog_bark,dog_bark,False,0.5415193438529968,0.08303877711296082,0.9950202450921027,0.45848057,0.54151934
dog_bark_test_200.wav,dog_bark,dog_bark,dog_bark,False,0.5749897360801697,0.14997947216033936,0.9837127297631748,0.57498974,0.42501026
dog_bark_test_201.wav,dog_bark,dog_bark,dog_bark,False,0.7440638542175293,0.48812776803970337,0.8205518429850485,0.74406385,0.2559361
dog_bark_test_202.wav,dog_bark,dog_bark,dog_bark,False,0.8377415537834167,0.6754830926656723,0.6396852563092706,0.83774155,0.16225846
dog_bark_test_203.wav,dog_bark,dog_bark,dog_bark,False,0.5614047050476074,0.12280941009521484,0.9890930350127669,0.5614047,0.4385953
dog_bark_test_204.wav,dog_bark,others,others,False,0.7025949954986572,0.40519005060195923,0.878095604128561,0.29740494,0.702595
dog_bark_test_205.wav,dog_bark,dog_bark,dog_bark,False,0.5693820714950562,0.13876420259475708,0.9860651944530017,0.5693821,0.43061787
dog_bark_test_206.wav,dog_bark,dog_bark,dog_bark,False,0.8227190971374512,0.64543816447258,0.6740924494061858,0.8227191,0.17728093
dog_bark_test_207.wav,dog_bark,dog_bark,dog_bark,False,0.7301350831985474,0.4602701961994171,0.8412707649171419,0.7301351,0.2698649
dog_bark_test_208.wav,dog_bark,dog_bark,dog_bark,False,0.6473256349563599,0.2946513295173645,0.9364338391277344,0.64732563,0.3526743
dog_bark_test_209.wav,dog_bark,dog_bark,dog_bark,False,0.5221660137176514,0.044332027435302734,0.9985818338088206,0.477834,0.522166
dog_bark_test_210.wav,dog_bark,others,others,False,0.5730677843093872,0.14613553881645203,0.9845398803224995,0.42693225,0.5730678
dog_bark_test_211.wav,dog_bark,others,others,False,0.7867504954338074,0.5735009610652924,0.7476483112929785,0.21324953,0.7867505
dog_bark_test_212.wav,dog_bark,dog_bark,dog_bark,False,0.5551970601081848,0.11039415001869202,0.9911911373619677,0.55519706,0.4448029
dog_bark_test_213.wav,dog_bark,dog_bark,dog_bark,False,0.5152189135551453,0.030437856912612915,0.999331592175257,0.48478106,0.5152189
dog_bark_test_214.wav,dog_bark,dog_bark,dog_bark,False,0.6878610253334045,0.3757220506668091,0.895627171592214,0.687861,0.31213897
dog_bark_test_215.wav,dog_bark,dog_bark,dog_bark,False,0.7135423421859741,0.42708471417427063,0.8641012038452035,0.71354234,0.28645763
others_test_001.wav,others,dog_bark,dog_bark,False,0.5551519393920898,0.11030387878417969,0.9912054979133148,0.55515194,0.44484806
others_test_002.wav,others,others,others,False,0.8347846269607544,0.6695693731307983,0.6466415245800441,0.16521525,0.8347846
others_test_003.wav,others,others,others,False,0.6941466331481934,0.38829323649406433,0.888328743837549,0.3058534,0.69414663
others_test_004.wav,others,others,others,False,0.8382601737976074,0.6765202879905701,0.6384556233512643,0.16173989,0.8382602
others_test_005.wav,others,others,others,False,0.6487131118774414,0.29742616415023804,0.935212074376005,0.35128695,0.6487131
others_test_006.wav,others,others,others,False,0.8891654014587402,0.7783308550715446,0.5024281384301242,0.11083455,0.8891654
others_test_007.wav,others,others,others,False,0.8633964657783508,0.7267929166555405,0.575274227916806,0.13660355,0.86339647
others_test_008.wav,others,others,others,False,0.8319476842880249,0.6638953685760498,0.6532298359692965,0.16805232,0.8319477
others_test_009.wav,others,others,others,False,0.7884388566017151,0.5768777281045914,0.7444562273016393,0.21156113,0.78843886
others_test_010.wav,others,others,others,False,0.8218885064125061,0.6437770426273346,0.6759281922214955,0.17811146,0.8218885
others_test_011.wav,others,others,others,False,0.8180928230285645,0.6361856907606125,0.6842315146051519,0.18190713,0.8180928
others_test_012.wav,others,others,others,False,0.6440044641494751,0.2880089581012726,0.9393088731022079,0.3559955,0.64400446
others_test_013.wav,others,others,others,False,0.9329655170440674,0.8659310862421989,0.3547580729805128,0.06703443,0.9329655
others_test_014.wav,others,others,others,False,0.700904905796051,0.40180981159210205,0.8801819256661778,0.2990951,0.7009049
others_test_015.wav,others,others,others,False,0.692990779876709,0.3859814703464508,0.8896909324237079,0.3070093,0.6929908
others_test_016.wav,others,others,others,False,0.7719007730484009,0.543801486492157,0.7746831240953577,0.22809929,0.7719008
others_test_017.wav,others,others,others,False,0.5952879190444946,0.19057583808898926,0.9736403078414181,0.40471208,0.5952879
others_test_018.wav,others,others,others,False,0.6213188171386719,0.24263769388198853,0.9571052078568643,0.37868112,0.6213188
others_test_019.wav,others,others,others,False,0.6340466141700745,0.2680932581424713,0.9475142513661979,0.36595336,0.6340466
others_test_020.wav,others,others,others,False,0.7874250411987305,0.5748501867055893,0.7463758116592445,0.21257485,0.78742504
others_test_021.wav,others,others,others,False,0.8053301572799683,0.6106603592634201,0.7111388022719163,0.1946698,0.80533016
others_test_022.wav,others,others,others,False,0.8406906127929688,0.6813812553882599,0.6326548205203125,0.15930936,0.8406906
others_test_023.wav,others,others,others,False,0.575976550579071,0.1519530713558197,0.9832795914569767,0.42402348,0.57597655
others_test_024.wav,others,others,others,False,0.8492934703826904,0.6985869705677032,0.6116055199159117,0.1507065,0.8492935
others_test_025.wav,others,others,others,False,0.7847217917442322,0.5694435238838196,0.7514515356341586,0.21527827,0.7847218
others_test_026.wav,others,others,others,False,0.7397098541259766,0.4794197976589203,0.8271839239589456,0.26029006,0.73970985
others_test_027.wav,others,others,others,False,0.6932052373886108,0.3864104449748993,0.8894388918488685,0.3067948,0.69320524
others_test_028.wav,others,others,others,False,0.6139401197433472,0.22788015007972717,0.9622097389257979,0.38605997,0.6139401
others_test_029.wav,others,others,others,False,0.6725401282310486,0.3450802266597748,0.912310004673859,0.3274599,0.6725401
others_test_030.wav,others,others,others,False,0.7775923013687134,0.5551846921443939,0.7645395873474692,0.22240761,0.7775923
others_test_031.wav,others,others,others,False,0.7733018398284912,0.546603724360466,0.7722108734892048,0.22669812,0.77330184
others_test_032.wav,others,others,others,False,0.7515027523040771,0.5030054450035095,0.8088876356382311,0.2484973,0.75150275
others_test_033.wav,others,others,others,False,0.8085447549819946,0.6170895099639893,0.7045057753934395,0.19145525,0.80854475
others_test_034.wav,others,others,others,False,0.711398184299469,0.422796368598938,0.8669083046725862,0.28860182,0.7113982
others_test_035.wav,others,others,others,False,0.7176765203475952,0.43535304069519043,0.8585974150522918,0.28232348,0.7176765
others_test_036.wav,others,others,others,False,0.8603401184082031,0.7206803262233734,0.5833472655309572,0.13965979,0.8603401
others_test_037.wav,others,others,others,False,0.8303383588790894,0.6606766730546951,0.6569302146852607,0.16966169,0.83033836
others_test_038.wav,others,others,others,False,0.7639977931976318,0.5279955863952637,0.7883287435627655,0.2360022,0.7639978
others_test_039.wav,others,others,others,False,0.7666017413139343,0.5332034379243851,0.7838884094914641,0.2333983,0.76660174
others_test_040.wav,others,others,others,False,0.8335747122764587,0.6671494543552399,0.649461610097567,0.16642526,0.8335747
others_test_041.wav,others,others,others,False,0.7850488424301147,0.5700977444648743,0.750840653258294,0.2149511,0.78504884
others_test_042.wav,others,others,others,False,0.667400598526001,0.33480119705200195,0.9175601190567481,0.3325994,0.6674006
others_test_043.wav,others,others,others,False,0.7393922805786133,0.47878462076187134,0.8276620357283442,0.26060766,0.7393923
others_test_044.wav,others,others,others,False,0.7883032560348511,0.5766065865755081,0.7447134273560047,0.21169667,0.78830326
others_test_045.wav,others,others,others,False,0.6183247566223145,0.2366495132446289,0.9592166388615069,0.38167524,0.61832476
others_test_046.wav,others,others,others,False,0.8163437247276306,0.6326874792575836,0.6880105753838858,0.18365625,0.8163437
others_test_047.wav,others,others,others,False,0.7556362152099609,0.5112724155187607,0.8022221040387412,0.2443638,0.7556362
others_test_048.wav,others,others,others,False,0.8784041404724121,0.7568081989884377,0.5339308885192684,0.12159594,0.87840414
others_test_049.wav,others,others,others,False,0.7844537496566772,0.5689075440168381,0.7519513172175659,0.2155462,0.78445375
others_test_050.wav,others,others,others,False,0.6053030490875244,0.21060609817504883,0.9677638326440868,0.39469695,0.60530305
others_test_051.wav,others,others,others,False,0.648736298084259,0.2974725663661957,0.9351916084405523,0.35126373,0.6487363
others_test_052.wav,others,others,others,False,0.6244122385978699,0.24882453680038452,0.9548660797339559,0.3755877,0.62441224
others_test_053.wav,others,others,others,False,0.7903331518173218,0.5806662291288376,0.7408455375381001,0.20966692,0.79033315
others_test_054.wav,others,others,others,False,0.7946405410766602,0.5892810523509979,0.7325183955572991,0.20535949,0.79464054
others_test_055.wav,others,others,others,False,0.8448450565338135,0.6896900981664658,0.6225916426660397,0.15515496,0.84484506
others_test_056.wav,others,others,others,False,0.8150389194488525,0.6300777792930603,0.6908106249225832,0.18496114,0.8150389
others_test_057.wav,others,others,others,False,0.8170422315597534,0.6340845078229904,0.6865049102712446,0.18295772,0.81704223
others_test_058.wav,others,others,others,False,0.5530773401260376,0.10615476965904236,0.9918559362988779,0.44692257,0.55307734
others_test_059.wav,others,dog_bark,dog_bark,False,0.5006399750709534,0.0012799501419067383,0.9999987988692793,0.49936002,0.50064
others_test_060.wav,others,others,others,False,0.7817071676254272,0.5634143203496933,0.7570380480821353,0.21829285,0.78170717
others_test_061.wav,others,others,others,False,0.7529590129852295,0.5059180110692978,0.8065544330053008,0.247041,0.752959
others_test_062.wav,others,others,others,False,0.7831899523735046,0.5663798302412033,0.754299826306423,0.21681012,0.78318995
others_test_063.wav,others,others,others,False,0.7712186574935913,0.5424373596906662,0.7758808972672917,0.2287813,0.77121866
others_test_064.wav,others,others,others,False,0.7101431488990784,0.4202863276004791,0.8685362924456536,0.28985682,0.71014315
others_test_065.wav,others,others,others,False,0.7937686443328857,0.5875372439622879,0.7342170681998711,0.2062314,0.79376864
others_test_066.wav,others,others,others,False,0.7807605266571045,0.5615210831165314,0.7587762767344056,0.21923944,0.7807605
others_test_067.wav,others,dog_bark,dog_bark,False,0.5785626173019409,0.15712523460388184,0.9821170747284697,0.5785626,0.42143738
others_test_068.wav,others,others,others,False,0.7941772937774658,0.5883546471595764,0.733421734430956,0.20582265,0.7941773
others_test_069.wav,others,others,others,False,0.7050873041152954,0.4101746082305908,0.874983062113246,0.2949127,0.7050873
others_test_070.wav,others,others,others,False,0.791109561920166,0.5822190493345261,0.7393565117469298,0.20889051,0.79110956
others_test_071.wav,others,others,others,False,0.7855958342552185,0.5711917579174042,0.7498171845030094,0.21440408,0.78559583
others_test_072.wav,others,dog_bark,dog_bark,False,0.5599262118339539,0.11985242366790771,0.9896131965403014,0.5599262,0.4400738
others_test_073.wav,others,others,others,False,0.8198975324630737,0.6397951394319534,0.6803011090936586,0.1801024,0.81989753
others_test_074.wav,others,others,others,False,0.8121321201324463,0.6242642402648926,0.6969898755767584,0.18786788,0.8121321
others_test_075.wav,others,dog_bark,dog_bark,False,0.5101306438446045,0.020261257886886597,0.9997038486230496,0.4898694,0.51013064
others_test_076.wav,others,others,others,False,0.7525590658187866,0.505118191242218,0.8071967882062734,0.24744087,0.75255907
others_test_077.wav,others,others,others,False,0.8703035116195679,0.7406069785356522,0.5566052961873346,0.12969653,0.8703035
others_test_078.wav,others,others,others,False,0.5960060358047485,0.1920119822025299,0.9732389863256298,0.40399405,0.59600604
others_test_079.wav,others,others,others,False,0.7231271266937256,0.44625431299209595,0.8511548658362038,0.2768728,0.7231271
others_test_080.wav,others,others,others,False,0.7798458337783813,0.5596917271614075,0.7604488940053719,0.2201541,0.77984583
others_test_081.wav,others,others,others,False,0.7605972290039062,0.5211944431066513,0.7940457048514216,0.23940279,0.7605972
others_test_082.wav,others,others,others,False,0.6770778894424438,0.3541557192802429,0.9075309507716833,0.32292217,0.6770779
others_test_083.wav,others,others,others,False,0.8144805431365967,0.6289611011743546,0.6920038405542693,0.18551944,0.81448054
others_test_084.wav,others,others,others,False,0.7877384424209595,0.5754769593477249,0.7457833314270221,0.21226148,0.78773844
others_test_085.wav,others,others,others,False,0.6605984568595886,0.32119691371917725,0.9242449127131346,0.33940154,0.66059846
others_test_086.wav,others,others,others,False,0.8186100721359253,0.6372202038764954,0.6831082099210414,0.18138987,0.8186101
others_test_087.wav,others,others,others,False,0.8887892365455627,0.7775785326957703,0.5035571185417131,0.111210704,0.88878924
others_test_088.wav,others,others,others,False,0.7962360382080078,0.5924720466136932,0.7293925248865422,0.20376399,0.79623604
others_test_089.wav,others,others,others,False,0.8251861333847046,0.6503721922636032,0.6685994095289531,0.17481394,0.82518613
others_test_090.wav,others,others,others,False,0.821259081363678,0.6425181031227112,0.677314931331065,0.17874098,0.8212591
others_test_091.wav,others,others,others,False,0.8127902746200562,0.6255805492401123,0.6955978050050121,0.18720973,0.8127903
others_test_092.wav,others,others,others,False,0.8309324979782104,0.6618650406599045,0.6555671231901848,0.16906746,0.8309325
others_test_093.wav,others,others,others,False,0.809873640537262,0.6197473257780075,0.7017357368273176,0.19012631,0.80987364
others_test_094.wav,others,others,others,False,0.7353541851043701,0.47070837020874023,0.833676355020342,0.2646458,0.7353542
others_test_095.wav,others,others,others,False,0.8428184986114502,0.6856370121240616,0.6275239761057969,0.15718149,0.8428185
others_test_096.wav,others,others,others,False,0.7037977576255798,0.40759551525115967,0.8765989251094275,0.29620224,0.70379776
others_test_097.wav,others,others,others,False,0.8559419512748718,0.7118839174509048,0.5947685473834309,0.14405803,0.85594195
others_test_098.wav,others,others,others,False,0.8142774105072021,0.6285548657178879,0.6924371508431182,0.18572254,0.8142774
others_test_099.wav,others,others,others,False,0.8239108324050903,0.6478217393159866,0.6714463243400106,0.1760891,0.82391083
others_test_100.wav,others,others,others,False,0.585045337677002,0.17009064555168152,0.979028954249577,0.4149547,0.58504534
others_test_101.wav,others,others,others,False,0.8284444808959961,0.6568889021873474,0.6612508488315616,0.17155558,0.8284445
others_test_102.wav,others,dog_bark,dog_bark,False,0.5127525329589844,0.025505125522613525,0.9995308340762816,0.4872474,0.51275253
others_test_103.wav,others,others,others,False,0.8087977766990662,0.6175956279039383,0.7039795944731247,0.19120215,0.8087978
others_test_104.wav,others,others,others,False,0.7666282057762146,0.5332564115524292,0.7838429200803109,0.2333718,0.7666282
others_test_105.wav,others,others,others,False,0.8727121949195862,0.7454244196414948,0.5499527492779849,0.12728778,0.8727122
others_test_106.wav,others,dog_bark,dog_bark,False,0.5160670876502991,0.032134175300598145,0.9992549739042976,0.5160671,0.4839329
others_test_107.wav,others,dog_bark,dog_bark,False,0.601645290851593,0.20329055190086365,0.9699800870744304,0.6016453,0.39835474
others_test_108.wav,others,others,others,False,0.7914820909500122,0.582964152097702,0.7386402040060863,0.20851794,0.7914821
others_test_109.wav,others,others,others,False,0.7916610836982727,0.5833220928907394,0.7382957227564081,0.20833899,0.7916611
others_test_110.wav,others,others,others,False,0.8364034295082092,0.6728069335222244,0.6428445776056204,0.1635965,0.8364034
others_test_111.wav,others,others,others,False,0.799735426902771,0.599470779299736,0.7224569805251977,0.20026465,0.7997354
others_test_112.wav,others,others,others,False,0.8581988215446472,0.7163976728916168,0.5889365297013476,0.14180115,0.8581988
others_test_113.wav,others,others,others,False,0.8797538876533508,0.7595077753067017,0.5300679002069134,0.12024611,0.8797539
others_test_114.wav,others,others,others,False,0.7696452140808105,0.5392904579639435,0.7786292660194049,0.23035476,0.7696452
others_test_115.wav,others,others,others,False,0.7372703552246094,0.47454074025154114,0.8308376093852005,0.26272961,0.73727036
others_test_116.wav,others,others,others,False,0.78272944688797,0.5654589235782623,0.7551521723240991,0.21727052,0.78272945
others_test_117.wav,others,others,others,False,0.8061903715133667,0.6123807430267334,0.7093732283781586,0.19380963,0.8061904
others_test_118.wav,others,others,others,False,0.820645809173584,0.6412915587425232,0.678662286413587,0.17935425,0.8206458
others_test_119.wav,others,others,others,False,0.7431361079216003,0.4862722158432007,0.8219769772214232,0.2568639,0.7431361
others_test_120.wav,others,others,others,False,0.836895763874054,0.6737915575504303,0.6416843826428998,0.1631042,0.83689576
others_test_121.wav,others,others,others,False,0.7751909494400024,0.5503818988800049,0.7688519663265287,0.22480905,0.77519095
others_test_122.wav,others,others,others,False,0.8194772601127625,0.6389544904232025,0.6812192384752898,0.18052277,0.81947726
others_test_123.wav,others,others,others,False,0.6239289045333862,0.24785774946212769,0.9552198480467807,0.37607116,0.6239289
others_test_124.wav,others,others,others,False,0.5690300464630127,0.13806015253067017,0.9862066501833364,0.4309699,0.56903005
others_test_125.wav,others,others,others,False,0.7858959436416626,0.5717919319868088,0.7492546292520371,0.21410401,0.78589594
others_test_126.wav,others,others,others,False,0.581179141998291,0.16235828399658203,0.980900641438917,0.41882086,0.58117914
others_test_127.wav,others,others,others,False,0.5849787592887878,0.1699574589729309,0.9790619749185427,0.4150213,0.58497876
others_test_128.wav,others,dog_bark,dog_bark,False,0.5213848352432251,0.042769670486450195,0.9986800359024632,0.52138484,0.47861516
others_test_129.wav,others,others,others,False,0.8337831497192383,0.667566329240799,0.6489769199917729,0.16621682,0.83378315
others_test_130.wav,others,dog_bark,dog_bark,False,0.5172889232635498,0.034577906131744385,0.9991373377711075,0.5172889,0.48271102
others_test_131.wav,others,others,others,False,0.6592444181442261,0.3184887766838074,0.9255399420741315,0.34075564,0.6592444
others_test_132.wav,others,dog_bark,dog_bark,False,0.573967456817627,0.14793497323989868,0.9841554131064957,0.57396746,0.42603248
others_test_133.wav,others,others,others,False,0.6289538145065308,0.25790753960609436,0.9514720021191784,0.37104627,0.6289538
others_test_134.wav,others,others,others,False,0.6120908856391907,0.22418180108070374,0.9634370071223548,0.38790908,0.6120909
others_test_135.wav,others,others,others,False,0.5759891271591187,0.15197822451591492,0.9832740020208237,0.4240109,0.5759891
others_test_136.wav,others,others,others,False,0.7846271991729736,0.5692544132471085,0.7516279898339439,0.21537279,0.7846272
others_test_137.wav,others,others,others,False,0.8224706649780273,0.6449413001537323,0.6746422779409942,0.17752936,0.82247066
others_test_138.wav,others,others,others,False,0.7297315001487732,0.459462970495224,0.8418496585199461,0.27026853,0.7297315
others_test_139.wav,others,others,others,False,0.7850815057754517,0.5701630264520645,0.7507796854085631,0.21491848,0.7850815
others_test_140.wav,others,dog_bark,dog_bark,False,0.5059826970100403,0.011965453624725342,0.9998968131573177,0.49401724,0.5059827
others_test_141.wav,others,dog_bark,dog_bark,False,0.5457726120948792,0.09154516458511353,0.9939462134374645,0.5457726,0.45422745
others_test_142.wav,others,others,others,False,0.6941763162612915,0.3883526027202606,0.8882936593767731,0.3058237,0.6941763
others_test_143.wav,others,others,others,False,0.7926566004753113,0.5853132754564285,0.7363739026243417,0.20734333,0.7926566
others_test_144.wav,others,others,others,False,0.6352696418762207,0.2705393433570862,0.9465397976664093,0.3647303,0.63526964
others_test_145.wav,others,others,others,False,0.6762401461601257,0.3524802327156067,0.9084233687470105,0.3237599,0.67624015
others_test_146.wav,others,dog_bark,dog_bark,False,0.5006002187728882,0.0012004375457763672,0.9999989708519301,0.5006002,0.49939978
others_test_147.wav,others,others,others,False,0.6770250797271729,0.35405004024505615,0.9075873610811663,0.32297504,0.6770251
others_test_148.wav,others,others,others,False,0.8404351472854614,0.6808702200651169,0.6332675947053368,0.15956493,0.84043515
others_test_149.wav,others,others,others,False,0.600344717502594,0.2006894052028656,0.9707485915498109,0.3996553,0.6003447
others_test_150.wav,others,others,others,False,0.7174072265625,0.4348145127296448,0.8589596105150089,0.2825927,0.7174072
others_test_151.wav,others,others,others,False,0.8207235932350159,0.6414472460746765,0.6784914646456175,0.17927635,0.8207236
others_test_152.wav,others,others,others,False,0.6266385316848755,0.2532770335674286,0.9532181419733885,0.3733615,0.62663853
others_test_153.wav,others,others,others,False,0.6172096729278564,0.2344193458557129,0.9599889269552063,0.38279033,0.6172097
others_test_154.wav,others,others,others,False,0.7415876984596252,0.4831754267215729,0.8243410507401833,0.25841227,0.7415877
others_test_155.wav,others,others,others,False,0.8588207364082336,0.7176413983106613,0.5873189898743202,0.14117934,0.85882074
others_test_156.wav,others,dog_bark,dog_bark,False,0.5239912271499634,0.04798251390457153,0.9983386503405006,0.4760087,0.5239912
others_test_157.wav,others,others,others,False,0.7787134051322937,0.5574268251657486,0.7625098481019863,0.22128658,0.7787134
others_test_158.wav,others,others,others,False,0.5969176292419434,0.19383519887924194,0.9727251021648516,0.40308243,0.5969176
others_test_159.wav,others,others,others,False,0.6204347610473633,0.24086955189704895,0.9577344063850458,0.3795652,0.62043476
others_test_160.wav,others,others,others,False,0.607778787612915,0.21555757522583008,0.9662180525781319,0.3922212,0.6077788
others_test_161.wav,others,others,others,False,0.8326599597930908,0.6653198748826981,0.6515836180352377,0.16734008,0.83265996
others_test_162.wav,others,others,others,False,0.6822997331619263,0.36459943652153015,0.9018630905298486,0.3177003,0.68229973
others_test_163.wav,others,others,others,False,0.911178708076477,0.8223575130105019,0.4325229522731964,0.088821195,0.9111787
others_test_164.wav,others,others,others,False,0.7846243977546692,0.5692487955093384,0.7516331493134697,0.2153756,0.7846244
others_test_165.wav,others,others,others,False,0.8766366243362427,0.7532732263207436,0.5389521799851843,0.1233634,0.8766366
others_test_166.wav,others,others,others,False,0.5565824508666992,0.11316490173339844,0.9907423486345412,0.44341755,0.55658245
others_test_167.wav,others,others,others,False,0.8479933142662048,0.6959866285324097,0.6148393526957477,0.15200669,0.8479933
others_test_168.wav,others,others,others,False,0.808931291103363,0.6178625971078873,0.7037017135049931,0.1910687,0.8089313
others_test_169.wav,others,others,others,False,0.857524037361145,0.7150479853153229,0.590686711147853,0.14247605,0.85752404
others_test_170.wav,others,dog_bark,dog_bark,False,0.5079286098480225,0.015857338905334473,0.9998186470425006,0.5079286,0.49207127
others_test_171.wav,others,others,others,False,0.7501906156539917,0.5003813058137894,0.8109758489850073,0.24980931,0.7501906
others_test_172.wav,others,others,others,False,0.6462646722793579,0.2925294041633606,0.9373597937199797,0.35373527,0.6462647
others_test_173.wav,others,others,others,False,0.6461095809936523,0.2922190725803375,0.9374946281182561,0.3538905,0.6461096
others_test_174.wav,others,dog_bark,dog_bark,False,0.5146329402923584,0.029265880584716797,0.9993820690832853,0.51463294,0.48536706
others_test_175.wav,others,others,others,False,0.7743459939956665,0.5486920177936554,0.7703579324088089,0.22565398,0.774346
others_test_176.wav,others,dog_bark,dog_bark,False,0.5041395425796509,0.00827905535697937,0.9999505577357123,0.4958605,0.50413954
others_test_177.wav,others,others,others,False,0.7836308479309082,0.5672617107629776,0.7534819628102449,0.21636914,0.78363085
others_test_178.wav,others,others,others,False,0.8044272661209106,0.6088546216487885,0.7129846490679641,0.19557264,0.80442727
others_test_179.wav,others,others,others,False,0.6771154403686523,0.3542309105396271,0.9074907928227068,0.32288453,0.67711544
others_test_180.wav,others,dog_bark,dog_bark,False,0.5370628833770752,0.07412576675415039,0.996032878940383,0.46293712,0.5370629
others_test_181.wav,others,others,others,False,0.7516462802886963,0.5032925754785538,0.8086582967733055,0.2483537,0.7516463
others_test_182.wav,others,others,others,False,0.6336253881454468,0.26725077629089355,0.9478476397348955,0.3663746,0.6336254
others_test_183.wav,others,others,others,False,0.6173686385154724,0.23473721742630005,0.9598792880152813,0.38263142,0.61736864
others_test_184.wav,others,others,others,False,0.8701112270355225,0.7402224689722061,0.5571330249515072,0.12988876,0.8701112
others_test_185.wav,others,others,others,False,0.6648800373077393,0.3297601342201233,0.9200720976552502,0.3351199,0.66488004
others_test_186.wav,others,others,others,False,0.8436332941055298,0.6872665286064148,0.6255463046078628,0.15636677,0.8436333
others_test_187.wav,others,others,others,False,0.5533464550971985,0.1066928505897522,0.9917729546698366,0.4466536,0.55334646
others_test_188.wav,others,others,others,False,0.9080153107643127,0.8160306960344315,0.4430598133436081,0.091984615,0.9080153
others_test_189.wav,others,dog_bark,dog_bark,False,0.504535973072052,0.009071946144104004,0.9999406687332877,0.49546403,0.504536
others_test_190.wav,others,others,others,False,0.7307639122009277,0.4615277647972107,0.8403663941475799,0.26923615,0.7307639
others_test_191.wav,others,others,others,False,0.5570955276489258,0.11419105529785156,0.9905733756800685,0.44290447,0.5570955
others_test_192.wav,others,others,others,False,0.8030453324317932,0.6060906648635864,0.7157954475223404,0.19695467,0.80304533
others_test_193.wav,others,others,others,False,0.6021937131881714,0.20438742637634277,0.9696528900811638,0.3978063,0.6021937
others_test_194.wav,others,others,others,False,0.7363339066505432,0.4726676642894745,0.832228433082728,0.26366624,0.7363339
others_test_195.wav,others,dog_bark,dog_bark,False,0.5032573938369751,0.006514847278594971,0.9999693898359817,0.5032574,0.49674255
others_test_196.wav,others,others,others,False,0.7280041575431824,0.45600828528404236,0.8443139119328339,0.27199587,0.72800416
others_test_197.wav,others,others,others,False,0.6221349835395813,0.2442699670791626,0.9565202088699544,0.37786502,0.622135
others_test_198.wav,others,others,others,False,0.7569606900215149,0.513921394944191,0.8000581323342599,0.2430393,0.7569607
others_test_199.wav,others,dog_bark,dog_bark,False,0.574554443359375,0.14910894632339478,0.9839019106791239,0.57455444,0.4254455
others_test_200.wav,others,others,others,False,0.6951980590820312,0.3903960585594177,0.8870818696187937,0.304802,0.69519806
others_test_201.wav,others,others,others,False,0.8299719095230103,0.6599439084529877,0.6577688880821932,0.170028,0.8299719
others_test_202.wav,others,others,others,False,0.7644166350364685,0.5288332253694534,0.7876181112494004,0.23558341,0.76441664
others_test_203.wav,others,dog_bark,dog_bark,False,0.508401095867157,0.016802191734313965,0.9997963752892138,0.4915989,0.5084011
others_test_204.wav,others,others,others,False,0.5678414106369019,0.1356828212738037,0.9866790865252565,0.4321586,0.5678414
others_test_205.wav,others,others,others,False,0.8331490159034729,0.6662981063127518,0.6504501663747264,0.16685091,0.833149
others_test_206.wav,others,others,others,False,0.800408124923706,0.6008162051439285,0.7211111732865335,0.19959192,0.8004081
others_test_207.wav,others,dog_bark,dog_bark,False,0.5311318635940552,0.062263667583465576,0.9972016730356466,0.4688682,0.53113186
others_test_208.wav,others,others,others,False,0.8337540030479431,0.6675079613924026,0.6490447241518755,0.16624604,0.833754
others_test_209.wav,others,others,others,False,0.697634220123291,0.3952684998512268,0.8841635820076281,0.30236572,0.6976342
others_test_210.wav,others,others,others,False,0.8149980306625366,0.6299960762262344,0.6908980781005469,0.18500195,0.81499803
others_test_211.wav,others,dog_bark,dog_bark,False,0.6576371192932129,0.31527429819107056,0.9270618165516165,0.6576371,0.34236282
others_test_212.wav,others,dog_bark,dog_bark,False,0.515444815158844,0.03088963031768799,0.9993115561964315,0.48455518,0.5154448
others_test_213.wav,others,others,others,False,0.7416242957115173,0.4832484722137451,0.8242854143526291,0.25837582,0.7416243
others_test_214.wav,others,others,others,False,0.8814334869384766,0.7628670185804367,0.5252261586284982,0.11856647,0.8814335
others_test_215.wav,others,others,others,False,0.7105652093887329,0.4211304187774658,0.8679900755465133,0.2894348,0.7105652
